goal,lag,adj_r_squared,intercept,pressures
ECO,1,0.02163082277800743,-0.0468,NA
FIS,1,0.5691738379800004,0.0111,NA
HAB,1,0.16968092837220938,-0.0002,NA
HS,1,0.27107793829494975,0.0002,NA
LIV,1,-0.042342972650333044,-0.0036,NA
LSP,1,0.09813032010701084,0.0078,NA
MAR,1,-0.10195180954241656,-0.0083,NA
RAO,1,0.9607252484813175,0.0341***,NA
SPFIS,1,0.13594071327932866,-0.0004,NA
TR,3,0.2759309287405679,-0.0932***,0.0031***
CW,5,0.8754092769703282,-0.2597***,0.0048***
