species,sustainabilityscore,sust_score
Oysters,7.98,0.798
Hard Clam,7.01,0.701
Blue Mussel,8.11,0.8109999999999999
Atlantic Salmon,4.83,0.483
Scallops,8.86,0.8859999999999999
Soft Shell Clams,7.03,0.7030000000000001
Trout,4.83,0.483
Quahog,7.01,0.701
Clams,7.01,0.701
