"","percent_hard","rgn_id","rgn_name"
"1",0.253316684021382,"5","Connecticut"
"2",0.0403069150158601,"6","Maine"
"3",0.0951659112079422,"9","New Hampshire"
"4",0.333254865020066,"10","New York"
"5",0.239422326290273,"11","Rhode Island"
