rgn_id,score,year
1,NA,2017
2,NA,2017
3,NA,2017
4,NA,2017
5,0.6132453113587574,2017
6,0.3903351298477823,2017
7,0.4301503284610808,2017
8,0.4365175438735266,2017
9,0.7567077766584568,2017
10,0.64344449594038,2017
11,0.904388207349282,2017
